0         	980.6  	16.3  	35    	2.1     	132   	-1.6      	1.4       	94        	0.8
2         	979.0  	16.1  	34    	2.0     	132   	-1.5      	1.3       	108       	0.5
4         	977.4  	15.9  	34    	1.8     	132   	-1.3      	1.2       	121       	0.1
6         	975.9  	15.6  	33    	1.7     	132   	-1.3      	1.1       	135       	-0.3
8         	974.3  	15.5  	33    	1.5     	131   	-1.1      	1.0       	149       	-0.5
10        	972.7  	15.5  	34    	1.4     	131   	-1.1      	0.9       	163       	-0.5
12        	971.1  	15.4  	34    	1.3     	131   	-1.0      	0.9       	176       	-0.4
14        	969.6  	15.3  	34    	1.1     	131   	-0.8      	0.7       	190       	-0.4
16        	968.0  	15.2  	34    	1.0     	130   	-0.8      	0.6       	204       	-0.4
18        	966.4  	15.1  	35    	0.9     	130   	-0.7      	0.6       	217       	-0.3
20        	965.9  	15.1  	35    	0.7     	129   	-0.5      	0.4       	231       	-0.3
22        	965.3  	15.2  	35    	0.6     	128   	-0.5      	0.4       	232       	-0.3
24        	964.7  	15.2  	34    	0.5     	126   	-0.4      	0.3       	232       	-0.3
26        	964.6  	15.3  	34    	0.3     	122   	-0.3      	0.2       	233       	-0.4
28        	964.6  	15.4  	34    	0.2     	112   	-0.2      	0.1       	234       	-0.4
30        	964.5  	15.5  	34    	0.1     	046   	-0.1      	-0.1      	234       	-0.4
32        	964.5  	15.6  	33    	0.2     	220   	0.1       	0.2       	235       	-0.4
34        	964.4  	15.6  	33    	0.4     	221   	0.3       	0.3       	235       	-0.5
36        	964.3  	15.6  	33    	0.6     	221   	0.4       	0.5       	236       	-0.6
38        	964.3  	15.6  	33    	0.8     	221   	0.5       	0.6       	236       	-0.7
40        	964.2  	15.6  	32    	0.9     	221   	0.6       	0.7       	237       	-0.8
42        	964.1  	15.6  	32    	1.1     	222   	0.7       	0.8       	237       	-0.9
44        	963.8  	15.7  	32    	1.3     	222   	0.9       	1.0       	238       	-1.0
46        	963.4  	15.7  	32    	1.5     	222   	1.0       	1.1       	242       	-1.1
48        	963.1  	15.6  	31    	1.6     	222   	1.1       	1.2       	247       	-1.2
50        	962.5  	15.5  	31    	1.8     	222   	1.2       	1.3       	252       	-1.4
52        	961.9  	15.4  	31    	2.0     	222   	1.3       	1.5       	257       	-1.6
54        	961.4  	15.3  	31    	2.2     	222   	1.5       	1.6       	262       	-1.8
56        	960.8  	15.2  	30    	2.3     	222   	1.5       	1.7       	267       	-2.0
58        	960.2  	15.1  	30    	2.5     	222   	1.7       	1.9       	272       	-2.2
60        	959.6  	15.0  	30    	2.7     	222   	1.8       	2.0       	277       	-2.4
62        	959.1  	15.0  	30    	3.1     	222   	2.1       	2.3       	282       	-2.5
64        	958.5  	14.9  	30    	3.4     	223   	2.3       	2.5       	287       	-2.6
66        	957.9  	14.8  	30    	3.8     	223   	2.6       	2.8       	292       	-2.7
68        	956.9  	14.7  	30    	4.2     	224   	2.9       	3.0       	297       	-2.8
70        	955.8  	14.6  	30    	4.6     	224   	3.2       	3.3       	304       	-2.9
72        	954.7  	14.5  	30    	4.9     	224   	3.4       	3.5       	320       	-3.0
74        	952.9  	14.4  	30    	5.3     	225   	3.7       	3.8       	336       	-3.1
76        	951.1  	14.3  	30    	5.7     	225   	4.0       	4.1       	353       	-3.1
78        	949.2  	14.2  	30    	6.0     	225   	4.2       	4.3       	369       	-3.2
80        	947.4  	14.1  	30    	6.4     	225   	4.5       	4.5       	385       	-3.3
82        	945.6  	14.0  	30    	6.8     	225   	4.8       	4.8       	401       	-3.4
84        	943.8  	13.9  	30    	7.1     	225   	5.0       	5.0       	418       	-3.4
86        	942.0  	13.7  	30    	7.5     	225   	5.3       	5.3       	434       	-3.5
88        	940.1  	13.6  	30    	7.9     	225   	5.6       	5.5       	450       	-3.6
90        	938.3  	13.5  	30    	8.3     	226   	5.9       	5.8       	466       	-3.6
92        	936.5  	13.5  	30    	8.5     	226   	6.2       	5.9       	483       	-3.7
94        	934.7  	13.4  	30    	8.7     	227   	6.4       	5.9       	499       	-3.8
96        	932.9  	13.3  	30    	8.9     	228   	6.6       	5.9       	515       	-3.8
98        	931.1  	13.2  	30    	9.2     	229   	6.9       	6.1       	531       	-3.9
100       	929.3  	13.1  	30    	9.4     	229   	7.1       	6.1       	548       	-4.0
102       	927.5  	13.0  	30    	9.6     	230   	7.4       	6.1       	564       	-4.0
104       	925.9  	12.9  	30    	9.9     	231   	7.7       	6.3       	580       	-4.1
106       	924.3  	12.7  	30    	10.1    	231   	7.9       	6.3       	594       	-4.1
108       	922.7  	12.6  	31    	10.4    	232   	8.2       	6.4       	607       	-4.2
110       	921.3  	12.5  	31    	10.6    	233   	8.4       	6.4       	620       	-4.3
112       	919.8  	12.4  	31    	10.7    	232   	8.5       	6.5       	633       	-4.3
114       	918.4  	12.3  	31    	10.9    	232   	8.6       	6.6       	646       	-4.4
116       	917.0  	12.2  	31    	11.0    	232   	8.7       	6.7       	660       	-4.5
118       	915.5  	12.1  	31    	11.2    	232   	8.9       	6.9       	673       	-4.5
120       	914.1  	12.0  	31    	11.3    	232   	8.9       	6.9       	686       	-4.6
122       	912.7  	11.9  	31    	11.4    	232   	9.0       	7.0       	699       	-4.7
124       	911.2  	11.8  	31    	11.6    	232   	9.2       	7.1       	712       	-4.7
126       	909.8  	11.7  	31    	11.7    	232   	9.2       	7.2       	725       	-4.8
128       	908.4  	11.6  	31    	11.8    	232   	9.3       	7.3       	738       	-4.8
130       	907.0  	11.5  	31    	12.0    	232   	9.4       	7.4       	751       	-4.9
132       	905.5  	11.4  	31    	12.1    	232   	9.5       	7.5       	764       	-4.9
134       	904.2  	11.3  	31    	12.3    	232   	9.6       	7.6       	777       	-5.0
136       	902.8  	11.2  	32    	12.5    	231   	9.8       	7.8       	790       	-5.1
138       	901.4  	11.1  	32    	12.6    	231   	9.8       	7.9       	803       	-5.1
140       	900.0  	10.9  	32    	12.8    	231   	10.0      	8.0       	815       	-5.2
142       	898.6  	10.8  	32    	12.9    	231   	10.0      	8.1       	828       	-5.2
144       	897.3  	10.7  	32    	13.1    	231   	10.1      	8.3       	841       	-5.3
146       	895.9  	10.6  	32    	13.2    	231   	10.2      	8.4       	853       	-5.3
148       	894.6  	10.5  	32    	13.4    	230   	10.3      	8.5       	866       	-5.4
150       	893.2  	10.3  	32    	13.6    	230   	10.5      	8.7       	879       	-5.5
152       	891.9  	10.2  	32    	13.6    	231   	10.5      	8.6       	891       	-5.5
154       	890.5  	10.1  	33    	13.6    	231   	10.5      	8.6       	904       	-5.6
156       	889.1  	10.0  	33    	13.6    	231   	10.6      	8.5       	916       	-5.6
158       	887.8  	9.9   	33    	13.6    	231   	10.6      	8.5       	929       	-5.6
160       	886.4  	9.8   	33    	13.6    	232   	10.7      	8.5       	942       	-5.7
162       	885.1  	9.6   	33    	13.6    	232   	10.7      	8.4       	954       	-5.7
164       	883.8  	9.5   	33    	13.6    	232   	10.7      	8.4       	967       	-5.7
166       	882.6  	9.4   	34    	13.6    	232   	10.8      	8.3       	979       	-5.8
168       	881.3  	9.3   	34    	13.6    	233   	10.8      	8.3       	990       	-5.8
170       	880.1  	9.2   	34    	13.7    	233   	10.9      	8.3       	1001      	-5.9
172       	878.9  	9.1   	34    	13.7    	233   	11.0      	8.2       	1013      	-5.9
174       	877.7  	8.9   	34    	13.7    	234   	11.1      	8.1       	1024      	-5.9
176       	876.5  	8.8   	34    	13.7    	234   	11.2      	8.0       	1035      	-6.0
178       	875.3  	8.7   	34    	13.7    	235   	11.2      	7.9       	1047      	-6.0
180       	874.1  	8.6   	35    	13.7    	236   	11.3      	7.8       	1058      	-6.1
182       	872.9  	8.5   	35    	13.7    	236   	11.4      	7.6       	1069      	-6.1
184       	871.7  	8.4   	35    	13.7    	237   	11.4      	7.5       	1080      	-6.1
186       	870.5  	8.3   	35    	13.7    	237   	11.5      	7.4       	1092      	-6.2
188       	869.3  	8.2   	35    	13.7    	238   	11.6      	7.3       	1103      	-6.2
190       	868.1  	8.1   	35    	13.8    	238   	11.7      	7.3       	1114      	-6.2
192       	867.0  	8.0   	36    	13.8    	238   	11.7      	7.3       	1126      	-6.3
194       	865.7  	7.9   	36    	13.9    	238   	11.8      	7.3       	1137      	-6.3
196       	864.5  	7.7   	36    	14.0    	238   	11.9      	7.4       	1148      	-6.3
198       	863.3  	7.6   	36    	14.1    	238   	12.0      	7.5       	1160      	-6.4
200       	862.1  	7.5   	36    	14.1    	238   	12.0      	7.5       	1172      	-6.4
202       	860.9  	7.4   	37    	14.2    	238   	12.0      	7.5       	1184      	-6.4
204       	859.7  	7.3   	37    	14.3    	238   	12.1      	7.6       	1195      	-6.5
206       	858.4  	7.2   	37    	14.4    	238   	12.2      	7.6       	1207      	-6.5
208       	857.2  	7.1   	37    	14.4    	238   	12.2      	7.7       	1219      	-6.5
210       	856.0  	7.0   	37    	14.5    	238   	12.3      	7.7       	1230      	-6.6
212       	854.8  	6.9   	37    	14.6    	238   	12.4      	7.8       	1242      	-6.6
214       	853.5  	6.8   	38    	14.7    	238   	12.5      	7.8       	1254      	-6.6
216       	852.3  	6.7   	38    	14.8    	238   	12.6      	7.8       	1266      	-6.7
218       	851.1  	6.5   	38    	14.9    	238   	12.7      	7.9       	1277      	-6.7
220       	849.9  	6.4   	38    	14.9    	238   	12.7      	7.9       	1289      	-6.7
222       	848.7  	6.3   	38    	15.0    	238   	12.8      	7.9       	1301      	-6.8
224       	847.4  	6.2   	39    	15.1    	238   	12.9      	7.9       	1313      	-6.8
226       	846.2  	6.1   	39    	15.2    	238   	12.9      	8.0       	1324      	-6.9
228       	845.0  	6.0   	39    	15.3    	238   	13.0      	8.0       	1336      	-6.9
230       	843.7  	5.8   	39    	15.4    	239   	13.1      	8.0       	1348      	-7.0
232       	842.5  	5.7   	39    	15.4    	239   	13.2      	8.0       	1361      	-7.0
234       	841.3  	5.6   	39    	15.5    	239   	13.3      	8.0       	1373      	-7.1
236       	840.0  	5.5   	40    	15.6    	239   	13.4      	8.0       	1385      	-7.1
238       	838.8  	5.4   	40    	15.7    	239   	13.5      	8.0       	1397      	-7.1
240       	837.5  	5.3   	40    	15.7    	239   	13.5      	8.0       	1409      	-7.1
242       	836.3  	5.2   	41    	15.8    	240   	13.6      	8.0       	1421      	-7.1
244       	835.1  	5.1   	41    	15.9    	240   	13.7      	8.0       	1433      	-7.1
246       	833.8  	5.0   	41    	16.0    	240   	13.8      	8.0       	1445      	-7.1
248       	832.6  	4.9   	41    	16.1    	240   	14.0      	8.0       	1457      	-7.1
250       	831.4  	4.8   	41    	16.1    	240   	14.0      	8.0       	1469      	-7.2
252       	830.1  	4.6   	42    	16.1    	241   	14.0      	7.9       	1481      	-7.2
254       	828.9  	4.5   	42    	16.1    	241   	14.0      	7.9       	1493      	-7.3
256       	827.7  	4.4   	42    	16.1    	241   	14.1      	7.8       	1505      	-7.4
258       	826.4  	4.3   	42    	16.1    	241   	14.1      	7.8       	1518      	-7.4
260       	825.2  	4.2   	42    	16.1    	241   	14.1      	7.7       	1530      	-7.5
262       	823.9  	4.1   	42    	16.1    	242   	14.2      	7.6       	1542      	-7.5
264       	822.7  	4.0   	42    	16.0    	242   	14.1      	7.5       	1555      	-7.6
266       	821.4  	3.9   	43    	16.0    	242   	14.1      	7.5       	1567      	-7.6
268       	820.2  	3.8   	43    	16.0    	242   	14.2      	7.4       	1579      	-7.7
270       	818.9  	3.7   	43    	16.0    	243   	14.2      	7.4       	1592      	-7.7
272       	817.7  	3.5   	43    	16.1    	242   	14.3      	7.5       	1604      	-7.8
274       	816.4  	3.4   	43    	16.1    	242   	14.2      	7.6       	1616      	-7.8
276       	815.2  	3.3   	44    	16.2    	242   	14.3      	7.7       	1629      	-7.9
278       	814.0  	3.2   	44    	16.3    	241   	14.3      	7.8       	1641      	-7.9
280       	812.7  	3.1   	44    	16.3    	241   	14.3      	7.9       	1654      	-7.9
282       	811.5  	3.0   	44    	16.4    	241   	14.3      	8.0       	1666      	-8.0
284       	810.2  	2.8   	44    	16.5    	241   	14.4      	8.1       	1678      	-8.0
286       	809.0  	2.7   	45    	16.5    	240   	14.3      	8.2       	1691      	-8.0
288       	807.8  	2.6   	45    	16.6    	240   	14.4      	8.3       	1703      	-8.1
290       	806.5  	2.5   	45    	16.7    	240   	14.4      	8.4       	1716      	-8.1
292       	805.2  	2.4   	46    	16.7    	240   	14.4      	8.4       	1728      	-8.1
294       	804.0  	2.3   	46    	16.8    	240   	14.6      	8.4       	1741      	-8.2
296       	802.7  	2.1   	46    	16.9    	240   	14.7      	8.4       	1754      	-8.2
298       	801.4  	2.0   	46    	17.0    	240   	14.8      	8.4       	1766      	-8.2
300       	800.2  	1.9   	47    	17.0    	241   	14.8      	8.3       	1779      	-8.3
302       	798.9  	1.8   	47    	17.1    	241   	14.9      	8.3       	1792      	-8.3
304       	797.7  	1.7   	47    	17.2    	241   	15.0      	8.3       	1804      	-8.3
306       	796.4  	1.6   	48    	17.3    	241   	15.2      	8.3       	1817      	-8.3
308       	795.2  	1.4   	48    	17.4    	241   	15.3      	8.3       	1830      	-8.3
310       	793.9  	1.3   	48    	17.4    	242   	15.3      	8.3       	1842      	-8.3
312       	792.7  	1.2   	49    	17.5    	242   	15.4      	8.2       	1855      	-8.3
314       	791.4  	1.1   	49    	17.6    	242   	15.6      	8.2       	1868      	-8.3
316       	790.2  	1.0   	49    	17.7    	243   	15.7      	8.1       	1880      	-8.3
318       	789.0  	0.9   	50    	17.8    	243   	15.9      	8.0       	1893      	-8.4
320       	787.7  	0.8   	50    	17.9    	244   	16.0      	8.0       	1906      	-8.4
322       	786.5  	0.7   	51    	18.0    	244   	16.2      	7.9       	1918      	-8.4
324       	785.3  	0.5   	51    	18.1    	244   	16.3      	7.9       	1930      	-8.4
326       	784.1  	0.4   	51    	18.2    	245   	16.4      	7.8       	1943      	-8.4
328       	782.8  	0.3   	52    	18.3    	245   	16.6      	7.7       	1955      	-8.4
330       	781.6  	0.2   	52    	18.3    	245   	16.6      	7.6       	1968      	-8.4
332       	780.4  	0.1   	52    	18.4    	246   	16.7      	7.6       	1980      	-8.5
334       	779.2  	0.0   	53    	18.5    	246   	16.9      	7.6       	1993      	-8.5
336       	778.0  	-0.1  	53    	18.6    	246   	17.0      	7.6       	2005      	-8.5
338       	776.8  	-0.2  	53    	18.7    	246   	17.1      	7.6       	2018      	-8.5
340       	775.5  	-0.3  	54    	18.8    	246   	17.2      	7.6       	2030      	-8.5
342       	774.3  	-0.4  	54    	18.9    	246   	17.3      	7.6       	2043      	-8.5
344       	773.1  	-0.5  	54    	19.0    	246   	17.4      	7.6       	2055      	-8.6
346       	771.9  	-0.6  	54    	19.1    	247   	17.5      	7.6       	2068      	-8.6
348       	770.7  	-0.7  	55    	19.2    	247   	17.6      	7.6       	2081      	-8.7
350       	769.5  	-0.9  	55    	19.3    	247   	17.8      	7.6       	2093      	-8.7
352       	768.2  	-1.0  	55    	19.4    	247   	17.9      	7.5       	2106      	-8.8
354       	767.0  	-1.1  	55    	19.5    	248   	18.1      	7.4       	2119      	-8.8
356       	765.8  	-1.2  	56    	19.5    	248   	18.1      	7.2       	2132      	-8.9
358       	764.5  	-1.3  	56    	19.6    	249   	18.3      	7.1       	2145      	-8.9
360       	763.3  	-1.4  	56    	19.7    	249   	18.4      	7.0       	2157      	-9.0
362       	762.1  	-1.6  	57    	19.7    	249   	18.4      	6.9       	2170      	-9.0
364       	760.9  	-1.7  	57    	19.8    	250   	18.6      	6.8       	2183      	-9.0
366       	759.6  	-1.8  	57    	19.9    	250   	18.7      	6.7       	2196      	-9.1
368       	758.4  	-1.9  	58    	20.0    	251   	18.9      	6.6       	2209      	-9.1
370       	757.2  	-2.0  	58    	20.0    	251   	18.9      	6.5       	2221      	-9.1
372       	756.0  	-2.2  	58    	20.1    	251   	19.0      	6.4       	2234      	-9.2
374       	754.8  	-2.3  	59    	20.2    	252   	19.2      	6.4       	2247      	-9.2
376       	753.5  	-2.4  	59    	20.3    	252   	19.3      	6.3       	2260      	-9.2
378       	752.3  	-2.5  	60    	20.4    	252   	19.4      	6.2       	2273      	-9.3
380       	751.1  	-2.7  	60    	20.5    	252   	19.6      	6.2       	2286      	-9.3
382       	749.9  	-2.8  	60    	20.6    	253   	19.7      	6.1       	2299      	-9.3
384       	748.7  	-2.9  	61    	20.7    	253   	19.8      	6.0       	2312      	-9.3
386       	747.4  	-3.0  	61    	20.8    	253   	19.9      	6.0       	2324      	-9.3
388       	746.2  	-3.1  	62    	20.9    	254   	20.0      	5.9       	2337      	-9.4
390       	745.0  	-3.2  	62    	21.0    	254   	20.2      	5.8       	2350      	-9.4
392       	743.8  	-3.3  	63    	21.1    	254   	20.3      	5.6       	2363      	-9.4
394       	742.6  	-3.4  	63    	21.2    	255   	20.5      	5.4       	2376      	-9.4
396       	741.4  	-3.5  	64    	21.2    	256   	20.6      	5.2       	2389      	-9.4
398       	740.1  	-3.6  	64    	21.3    	256   	20.7      	5.0       	2402      	-9.4
400       	738.9  	-3.7  	64    	21.4    	257   	20.9      	4.8       	2415      	-9.4
402       	737.7  	-3.8  	65    	21.5    	258   	21.0      	4.6       	2428      	-9.4
404       	736.5  	-3.9  	65    	21.6    	258   	21.2      	4.3       	2441      	-9.4
406       	735.3  	-4.0  	66    	21.7    	259   	21.3      	4.1       	2454      	-9.5
408       	734.1  	-4.1  	66    	21.8    	260   	21.4      	3.9       	2467      	-9.5
410       	732.9  	-4.2  	66    	21.9    	260   	21.6      	3.7       	2480      	-9.5
412       	731.6  	-4.3  	67    	22.1    	261   	21.8      	3.6       	2493      	-9.6
414       	730.4  	-4.4  	67    	22.2    	261   	21.9      	3.5       	2506      	-9.6
416       	729.2  	-4.5  	67    	22.4    	261   	22.1      	3.3       	2520      	-9.7
418       	728.0  	-4.6  	67    	22.6    	262   	22.4      	3.2       	2533      	-9.7
420       	726.7  	-4.7  	67    	22.8    	262   	22.6      	3.1       	2546      	-9.8
422       	725.5  	-4.8  	68    	22.9    	262   	22.7      	3.0       	2559      	-9.8
424       	724.3  	-4.9  	68    	23.1    	263   	22.9      	2.9       	2573      	-9.9
426       	723.1  	-5.0  	68    	23.3    	263   	23.1      	2.8       	2586      	-10.0
428       	721.9  	-5.1  	68    	23.5    	263   	23.3      	2.7       	2599      	-10.0
430       	720.6  	-5.2  	68    	23.7    	264   	23.6      	2.6       	2612      	-10.1
432       	719.4  	-5.3  	69    	23.7    	264   	23.6      	2.6       	2626      	-10.1
434       	718.2  	-5.4  	69    	23.7    	264   	23.6      	2.6       	2639      	-10.2
436       	717.0  	-5.5  	69    	23.8    	264   	23.7      	2.6       	2652      	-10.3
438       	715.8  	-5.6  	69    	23.8    	264   	23.7      	2.6       	2665      	-10.3
440       	714.6  	-5.7  	69    	23.8    	264   	23.7      	2.6       	2678      	-10.4
442       	713.5  	-5.8  	69    	23.9    	264   	23.8      	2.6       	2691      	-10.5
444       	712.3  	-5.9  	70    	23.9    	264   	23.8      	2.6       	2703      	-10.6
446       	711.2  	-6.0  	70    	24.0    	264   	23.9      	2.6       	2716      	-10.6
448       	710.0  	-6.1  	70    	24.0    	264   	23.9      	2.6       	2729      	-10.7
450       	708.9  	-6.2  	70    	24.0    	264   	23.9      	2.6       	2741      	-10.8
452       	707.7  	-6.3  	70    	24.2    	264   	24.1      	2.6       	2754      	-10.8
454       	706.6  	-6.5  	70    	24.3    	264   	24.2      	2.6       	2767      	-10.9
456       	705.5  	-6.6  	71    	24.4    	264   	24.3      	2.6       	2779      	-11.0
458       	704.3  	-6.7  	71    	24.5    	264   	24.4      	2.6       	2792      	-11.0
460       	703.2  	-6.8  	71    	24.6    	264   	24.5      	2.6       	2805      	-11.1
462       	702.0  	-6.9  	71    	24.7    	264   	24.6      	2.6       	2817      	-11.2
464       	700.9  	-7.0  	72    	24.9    	264   	24.8      	2.7       	2830      	-11.2
466       	699.8  	-7.1  	72    	25.0    	264   	24.9      	2.7       	2843      	-11.3
468       	698.6  	-7.2  	72    	25.1    	264   	25.0      	2.7       	2855      	-11.4
470       	697.5  	-7.3  	72    	25.2    	264   	25.1      	2.7       	2868      	-11.4
472       	696.4  	-7.4  	72    	25.3    	264   	25.2      	2.6       	2880      	-11.5
474       	695.3  	-7.5  	73    	25.4    	264   	25.3      	2.5       	2892      	-11.6
476       	694.2  	-7.6  	73    	25.4    	265   	25.3      	2.4       	2904      	-11.6
478       	693.2  	-7.7  	73    	25.5    	265   	25.4      	2.3       	2917      	-11.7
480       	692.1  	-7.9  	73    	25.6    	265   	25.5      	2.2       	2929      	-11.9
482       	691.0  	-8.0  	73    	25.7    	265   	25.6      	2.1       	2941      	-12.0
484       	689.9  	-8.1  	73    	25.7    	266   	25.6      	2.0       	2953      	-12.1
486       	688.8  	-8.2  	73    	25.8    	266   	25.7      	1.9       	2965      	-12.2
488       	687.7  	-8.3  	73    	25.9    	266   	25.8      	1.8       	2978      	-12.3
490       	686.7  	-8.4  	72    	26.0    	266   	25.9      	1.7       	2990      	-12.4
492       	685.6  	-8.5  	72    	26.0    	266   	25.9      	1.7       	3002      	-12.6
494       	684.5  	-8.6  	71    	26.0    	266   	25.9      	1.7       	3014      	-12.8
496       	683.4  	-8.7  	71    	26.0    	266   	25.9      	1.7       	3026      	-13.0
498       	682.3  	-8.8  	70    	26.1    	266   	26.0      	1.7       	3039      	-13.1
500       	681.3  	-8.9  	70    	26.1    	266   	26.0      	1.7       	3050      	-13.3
502       	680.3  	-9.0  	69    	26.1    	266   	26.0      	1.7       	3062      	-13.5
504       	679.3  	-9.1  	69    	26.1    	266   	26.0      	1.8       	3074      	-13.6
506       	678.3  	-9.2  	69    	26.1    	266   	26.0      	1.8       	3085      	-13.8
508       	677.2  	-9.2  	69    	26.1    	266   	26.0      	1.8       	3097      	-13.9
510       	676.2  	-9.3  	68    	26.1    	266   	26.0      	1.8       	3108      	-14.0
512       	675.2  	-9.4  	68    	26.1    	266   	26.0      	1.9       	3120      	-14.2
514       	674.2  	-9.5  	68    	26.0    	266   	25.9      	1.9       	3131      	-14.3
516       	673.2  	-9.6  	68    	25.9    	266   	25.8      	2.0       	3143      	-14.4
518       	672.2  	-9.7  	68    	25.8    	265   	25.7      	2.1       	3155      	-14.5
520       	671.2  	-9.8  	68    	25.8    	265   	25.7      	2.1       	3166      	-14.6
522       	670.2  	-9.9  	68    	25.7    	265   	25.6      	2.2       	3178      	-14.7
524       	669.2  	-10.0 	68    	25.6    	265   	25.5      	2.3       	3189      	-14.4
526       	668.2  	-10.1 	67    	25.5    	265   	25.4      	2.4       	3201      	-14.5
528       	667.2  	-10.2 	67    	25.5    	265   	25.4      	2.4       	3212      	-14.6
530       	666.2  	-10.3 	67    	25.4    	264   	25.3      	2.5       	3224      	-14.7
532       	665.1  	-10.4 	68    	25.5    	264   	25.4      	2.6       	3236      	-14.7
534       	664.1  	-10.5 	68    	25.6    	264   	25.5      	2.7       	3248      	-14.7
536       	663.1  	-10.6 	69    	25.7    	264   	25.5      	2.9       	3260      	-14.7
538       	662.1  	-10.7 	69    	25.8    	263   	25.6      	3.0       	3271      	-14.7
540       	661.1  	-10.7 	69    	25.9    	263   	25.7      	3.1       	3283      	-14.8
542       	660.0  	-10.8 	70    	26.0    	263   	25.8      	3.2       	3295      	-14.8
544       	659.0  	-10.9 	70    	26.1    	263   	25.9      	3.3       	3307      	-14.8
546       	658.0  	-11.0 	71    	26.2    	262   	26.0      	3.5       	3319      	-14.8
548       	657.0  	-11.1 	71    	26.3    	262   	26.1      	3.6       	3331      	-14.8
550       	656.0  	-11.1 	72    	26.4    	262   	26.1      	3.7       	3343      	-14.8
552       	655.0  	-11.2 	72    	26.3    	262   	26.0      	3.8       	3354      	-14.8
554       	654.0  	-11.3 	73    	26.3    	262   	26.0      	3.9       	3366      	-14.7
556       	652.9  	-11.3 	73    	26.2    	261   	25.9      	3.9       	3378      	-14.7
558       	651.9  	-11.3 	74    	26.2    	261   	25.9      	4.0       	3390      	-14.6
560       	650.9  	-11.3 	74    	26.1    	261   	25.8      	4.1       	3402      	-14.6
562       	649.8  	-11.3 	75    	26.1    	261   	25.8      	4.2       	3415      	-14.5
564       	648.8  	-11.2 	75    	26.1    	261   	25.8      	4.2       	3427      	-14.4
566       	647.7  	-11.2 	75    	26.0    	260   	25.6      	4.3       	3440      	-14.3
568       	646.6  	-11.1 	76    	26.0    	260   	25.6      	4.4       	3453      	-14.2
570       	645.6  	-11.1 	76    	25.9    	260   	25.5      	4.5       	3465      	-14.1
572       	644.5  	-11.0 	77    	25.8    	260   	25.4      	4.6       	3478      	-14.0
574       	643.4  	-11.0 	77    	25.6    	259   	25.2      	4.7       	3491      	-13.8
576       	642.4  	-10.9 	78    	25.5    	259   	25.0      	4.9       	3503      	-13.7
578       	641.3  	-10.8 	78    	25.4    	259   	24.9      	5.0       	3516      	-13.6
580       	640.3  	-10.8 	79    	25.2    	258   	24.7      	5.2       	3529      	-13.4
582       	639.2  	-10.7 	79    	25.1    	258   	24.5      	5.3       	3541      	-13.3
584       	638.2  	-10.6 	80    	24.9    	257   	24.3      	5.5       	3554      	-13.1
586       	637.1  	-10.3 	81    	24.8    	257   	24.2      	5.6       	3567      	-12.7
588       	636.1  	-10.1 	81    	24.7    	256   	24.0      	5.8       	3579      	-12.4
590       	635.1  	-9.8  	82    	24.5    	256   	23.8      	5.9       	3591      	-12.3
592       	634.1  	-9.5  	83    	24.8    	256   	24.0      	6.1       	3604      	-11.9
594       	633.1  	-9.3  	84    	25.1    	255   	24.3      	6.4       	3616      	-11.5
596       	632.1  	-9.0  	84    	25.5    	255   	24.6      	6.6       	3628      	-11.2
598       	631.1  	-8.8  	85    	25.8    	255   	24.9      	6.9       	3640      	-10.8
600       	630.1  	-8.6  	85    	26.1    	254   	25.1      	7.1       	3652      	-10.6
602       	629.2  	-8.4  	86    	26.4    	254   	25.4      	7.3       	3664      	-10.4
604       	628.2  	-8.2  	86    	26.7    	254   	25.6      	7.6       	3676      	-10.2
606       	627.2  	-8.0  	86    	27.1    	253   	25.9      	7.8       	3688      	-9.9
608       	626.2  	-7.8  	86    	27.4    	253   	26.2      	8.1       	3700      	-9.7
610       	625.3  	-7.6  	86    	27.7    	253   	26.4      	8.3       	3712      	-9.5
612       	624.3  	-7.5  	87    	28.0    	253   	26.8      	8.1       	3724      	-9.4
614       	623.3  	-7.5  	87    	28.2    	254   	27.1      	7.8       	3736      	-9.3
616       	622.4  	-7.4  	86    	28.5    	255   	27.5      	7.6       	3748      	-9.3
618       	621.4  	-7.3  	86    	28.7    	255   	27.8      	7.3       	3760      	-9.2
620       	620.4  	-7.3  	86    	29.0    	256   	28.1      	7.1       	3772      	-9.1
622       	619.4  	-7.2  	86    	29.3    	257   	28.5      	6.8       	3785      	-9.1
624       	618.4  	-7.2  	86    	29.5    	257   	28.8      	6.5       	3797      	-9.0
626       	617.5  	-7.2  	86    	29.8    	258   	29.1      	6.3       	3810      	-9.2
628       	616.5  	-7.2  	85    	30.1    	258   	29.5      	6.1       	3822      	-9.3
630       	615.5  	-7.3  	84    	30.4    	259   	29.8      	5.8       	3835      	-9.5
632       	614.5  	-7.3  	83    	30.7    	259   	30.2      	5.7       	3847      	-9.6
634       	613.5  	-7.4  	83    	30.9    	260   	30.4      	5.6       	3860      	-9.8
636       	612.5  	-7.4  	82    	31.2    	260   	30.7      	5.6       	3872      	-9.9
638       	611.6  	-7.5  	81    	31.5    	260   	31.0      	5.5       	3885      	-10.1
640       	610.6  	-7.6  	81    	31.7    	260   	31.2      	5.4       	3897      	-10.3
642       	609.6  	-7.7  	81    	32.0    	260   	31.6      	5.3       	3910      	-10.4
644       	608.6  	-7.8  	80    	32.3    	261   	31.9      	5.2       	3922      	-10.6
646       	607.7  	-7.9  	80    	32.6    	261   	32.2      	5.1       	3934      	-10.7
648       	606.7  	-8.0  	80    	32.8    	261   	32.4      	5.1       	3947      	-10.8
650       	605.7  	-8.1  	80    	33.1    	261   	32.7      	5.0       	3960      	-11.0
652       	604.7  	-8.2  	80    	33.2    	262   	32.8      	4.9       	3972      	-11.0
654       	603.7  	-8.3  	80    	33.3    	262   	32.9      	4.8       	3985      	-11.1
656       	602.7  	-8.3  	80    	33.5    	262   	33.2      	4.8       	3998      	-11.1
658       	601.7  	-8.4  	80    	33.6    	262   	33.3      	4.7       	4011      	-11.2
660       	600.7  	-8.5  	80    	33.7    	262   	33.4      	4.6       	4024      	-11.2
662       	599.7  	-8.6  	81    	33.8    	262   	33.5      	4.6       	4037      	-11.3
664       	598.7  	-8.7  	81    	33.9    	262   	33.6      	4.5       	4050      	-11.3
666       	597.7  	-8.7  	81    	34.1    	263   	33.8      	4.4       	4063      	-11.4
668       	596.7  	-8.8  	81    	34.2    	263   	33.9      	4.3       	4075      	-11.5
670       	595.7  	-8.9  	81    	34.3    	263   	34.0      	4.3       	4088      	-11.5
672       	594.7  	-9.0  	81    	34.2    	263   	33.9      	4.3       	4101      	-11.6
674       	593.8  	-9.1  	81    	34.1    	263   	33.8      	4.3       	4114      	-11.7
676       	592.8  	-9.2  	81    	34.1    	263   	33.8      	4.3       	4127      	-11.8
678       	591.8  	-9.2  	81    	34.0    	263   	33.7      	4.3       	4140      	-11.8
680       	590.8  	-9.3  	81    	33.9    	263   	33.6      	4.3       	4152      	-11.9
682       	589.9  	-9.4  	81    	33.8    	263   	33.5      	4.4       	4165      	-12.0
684       	589.0  	-9.4  	81    	33.8    	263   	33.5      	4.4       	4177      	-12.1
686       	588.0  	-9.5  	81    	33.7    	262   	33.4      	4.4       	4189      	-12.1
688       	587.1  	-9.5  	81    	33.6    	262   	33.3      	4.4       	4201      	-12.2
690       	586.2  	-9.6  	81    	33.5    	262   	33.2      	4.4       	4214      	-12.3
692       	585.2  	-9.7  	80    	33.5    	263   	33.2      	4.3       	4226      	-12.4
694       	584.3  	-9.7  	80    	33.5    	263   	33.2      	4.1       	4238      	-12.5
696       	583.4  	-9.8  	80    	33.4    	263   	33.2      	4.0       	4250      	-12.6
698       	582.5  	-9.9  	80    	33.4    	263   	33.2      	3.8       	4263      	-12.7
700       	581.5  	-9.9  	80    	33.4    	264   	33.2      	3.7       	4275      	-12.7
702       	580.6  	-10.0 	80    	33.3    	264   	33.1      	3.5       	4287      	-12.5
704       	579.7  	-10.1 	80    	33.3    	264   	33.1      	3.4       	4299      	-12.6
706       	578.8  	-10.2 	79    	33.3    	264   	33.1      	3.2       	4312      	-12.7
708       	577.9  	-10.3 	79    	33.3    	265   	33.2      	3.1       	4324      	-12.8
710       	577.0  	-10.3 	79    	33.2    	265   	33.1      	2.9       	4336      	-12.9
712       	576.1  	-10.4 	79    	33.3    	265   	33.2      	3.0       	4348      	-13.0
714       	575.2  	-10.5 	79    	33.3    	265   	33.2      	3.1       	4359      	-13.1
716       	574.3  	-10.6 	79    	33.3    	264   	33.1      	3.2       	4371      	-13.2
718       	573.5  	-10.7 	79    	33.4    	264   	33.2      	3.3       	4383      	-13.3
720       	572.6  	-10.7 	79    	33.4    	264   	33.2      	3.4       	4394      	-13.4
722       	571.7  	-10.8 	79    	33.4    	264   	33.2      	3.5       	4406      	-13.4
724       	570.8  	-10.9 	79    	33.4    	264   	33.2      	3.6       	4418      	-13.5
726       	570.0  	-10.9 	79    	33.5    	264   	33.3      	3.7       	4430      	-13.6
728       	569.1  	-11.0 	79    	33.5    	264   	33.3      	3.8       	4441      	-13.6
730       	568.2  	-11.1 	79    	33.5    	263   	33.3      	3.9       	4453      	-13.7
732       	567.4  	-11.1 	79    	33.5    	263   	33.3      	3.9       	4465      	-13.7
734       	566.5  	-11.2 	79    	33.4    	263   	33.2      	3.9       	4477      	-13.8
736       	565.6  	-11.3 	79    	33.3    	263   	33.1      	3.8       	4488      	-13.9
738       	564.8  	-11.4 	79    	33.2    	263   	33.0      	3.8       	4500      	-14.0
740       	563.9  	-11.4 	79    	33.2    	263   	33.0      	3.8       	4512      	-14.0
742       	563.0  	-11.5 	79    	33.1    	263   	32.9      	3.8       	4524      	-14.1
744       	562.1  	-11.6 	79    	33.0    	263   	32.8      	3.8       	4536      	-14.2
746       	561.2  	-11.7 	79    	32.9    	263   	32.7      	3.8       	4549      	-14.3
748       	560.3  	-11.8 	79    	32.9    	263   	32.7      	3.8       	4561      	-14.4
750       	559.4  	-11.8 	79    	32.8    	263   	32.6      	3.8       	4573      	-14.4
752       	558.5  	-11.9 	79    	32.7    	263   	32.5      	3.9       	4585      	-14.5
754       	557.6  	-12.0 	79    	32.6    	263   	32.4      	3.9       	4598      	-14.6
756       	556.7  	-12.1 	79    	32.6    	263   	32.4      	3.9       	4610      	-14.7
758       	555.9  	-12.1 	79    	32.5    	263   	32.3      	4.0       	4622      	-14.8
760       	555.0  	-12.2 	79    	32.4    	263   	32.2      	4.0       	4634      	-14.9
762       	554.1  	-12.3 	79    	32.3    	263   	32.0      	4.0       	4646      	-14.9
764       	553.2  	-12.4 	78    	32.2    	263   	31.9      	4.1       	4659      	-15.0
766       	552.3  	-12.5 	78    	32.2    	263   	31.9      	4.1       	4671      	-15.1
768       	551.4  	-12.5 	78    	32.1    	263   	31.8      	4.2       	4683      	-15.2
770       	550.5  	-12.6 	78    	32.0    	262   	31.7      	4.2       	4696      	-15.3
772       	549.6  	-12.7 	78    	32.1    	262   	31.8      	4.3       	4708      	-15.4
774       	548.7  	-12.8 	78    	32.2    	262   	31.9      	4.4       	4721      	-15.5
776       	547.8  	-12.9 	78    	32.2    	262   	31.9      	4.4       	4734      	-15.5
778       	546.9  	-13.0 	78    	32.3    	262   	32.0      	4.5       	4746      	-15.6
780       	546.0  	-13.0 	78    	32.4    	262   	32.1      	4.6       	4759      	-15.7
782       	545.1  	-13.1 	78    	32.4    	262   	32.1      	4.6       	4771      	-15.8
784       	544.2  	-13.2 	79    	32.5    	262   	32.2      	4.7       	4784      	-15.8
786       	543.3  	-13.3 	78    	32.6    	262   	32.2      	4.8       	4797      	-15.9
788       	542.4  	-13.4 	78    	32.7    	261   	32.3      	4.9       	4809      	-16.0
790       	541.5  	-13.4 	78    	32.7    	261   	32.3      	5.0       	4822      	-16.1
792       	540.6  	-13.5 	78    	32.7    	261   	32.3      	4.9       	4835      	-16.2
794       	539.7  	-13.6 	78    	32.6    	262   	32.3      	4.7       	4847      	-16.3
796       	538.8  	-13.7 	77    	32.6    	262   	32.3      	4.6       	4860      	-16.5
798       	537.9  	-13.7 	77    	32.5    	262   	32.2      	4.5       	4873      	-16.6
800       	537.1  	-13.8 	77    	32.5    	262   	32.2      	4.4       	4885      	-16.6
802       	536.2  	-13.9 	77    	32.5    	262   	32.2      	4.3       	4896      	-16.7
804       	535.4  	-14.0 	77    	32.4    	263   	32.1      	4.2       	4908      	-16.8
806       	534.6  	-14.0 	77    	32.4    	263   	32.1      	4.1       	4920      	-16.9
808       	533.7  	-14.1 	77    	32.3    	263   	32.1      	4.0       	4931      	-17.0
810       	532.9  	-14.2 	77    	32.3    	263   	32.1      	3.9       	4943      	-17.0
812       	532.1  	-14.3 	77    	32.4    	263   	32.2      	3.9       	4955      	-17.1
814       	531.3  	-14.3 	77    	32.4    	263   	32.2      	4.0       	4967      	-17.2
816       	530.4  	-14.4 	77    	32.5    	263   	32.3      	4.0       	4978      	-17.3
818       	529.6  	-14.5 	77    	32.6    	263   	32.3      	4.0       	4990      	-17.4
820       	528.8  	-14.6 	77    	32.7    	263   	32.4      	4.1       	5002      	-17.5
822       	528.0  	-14.7 	77    	32.8    	263   	32.5      	4.1       	5013      	-17.5
824       	527.2  	-14.7 	77    	32.9    	263   	32.6      	4.1       	5025      	-17.6
826       	526.4  	-14.8 	76    	32.9    	263   	32.6      	4.2       	5037      	-17.7
828       	525.5  	-14.9 	76    	33.0    	263   	32.7      	4.2       	5049      	-17.8
830       	524.7  	-15.0 	76    	33.1    	263   	32.8      	4.2       	5060      	-17.9
832       	523.9  	-15.1 	76    	33.2    	263   	32.9      	4.3       	5072      	-18.0
834       	523.0  	-15.2 	76    	33.2    	262   	32.9      	4.4       	5085      	-18.1
836       	522.2  	-15.2 	76    	33.3    	262   	33.0      	4.4       	5097      	-18.2
838       	521.4  	-15.3 	76    	33.3    	262   	33.0      	4.5       	5109      	-18.3
840       	520.5  	-15.4 	75    	33.4    	262   	33.1      	4.6       	5121      	-18.4
842       	519.7  	-15.5 	75    	33.5    	262   	33.2      	4.6       	5133      	-18.5
844       	518.8  	-15.6 	75    	33.5    	262   	33.2      	4.7       	5146      	-18.6
846       	518.0  	-15.6 	75    	33.6    	262   	33.3      	4.7       	5158      	-18.7
848       	517.2  	-15.7 	74    	33.6    	262   	33.3      	4.8       	5170      	-18.9
850       	516.3  	-15.8 	74    	33.7    	262   	33.3      	4.9       	5182      	-19.0
852       	515.5  	-15.9 	74    	33.8    	262   	33.5      	4.8       	5194      	-19.1
854       	514.7  	-16.0 	74    	33.9    	262   	33.6      	4.8       	5207      	-19.1
856       	513.8  	-16.0 	74    	34.0    	262   	33.7      	4.7       	5219      	-19.2
858       	513.0  	-16.1 	74    	34.0    	262   	33.7      	4.6       	5231      	-19.3
860       	512.2  	-16.2 	74    	34.1    	262   	33.8      	4.6       	5243      	-19.4
862       	511.4  	-16.3 	74    	34.2    	262   	33.9      	4.5       	5255      	-19.4
864       	510.5  	-16.4 	74    	34.3    	262   	34.0      	4.5       	5267      	-19.5
866       	509.7  	-16.5 	74    	34.4    	263   	34.1      	4.5       	5280      	-19.6
868       	508.9  	-16.5 	74    	34.5    	263   	34.2      	4.4       	5292      	-19.7
870       	508.1  	-16.6 	74    	34.6    	263   	34.3      	4.4       	5304      	-19.8
872       	507.2  	-16.7 	74    	34.5    	263   	34.2      	4.3       	5316      	-19.9
874       	506.4  	-16.8 	74    	34.5    	263   	34.2      	4.2       	5328      	-20.0
876       	505.6  	-16.9 	74    	34.4    	263   	34.2      	4.1       	5340      	-20.1
878       	504.8  	-17.0 	73    	34.4    	263   	34.2      	4.0       	5352      	-20.2
880       	504.0  	-17.1 	74    	34.3    	264   	34.1      	3.9       	5365      	-20.3
882       	503.2  	-17.1 	74    	34.3    	264   	34.1      	3.8       	5377      	-20.3
884       	502.3  	-17.2 	74    	34.2    	264   	34.0      	3.7       	5389      	-20.4
886       	501.5  	-17.3 	74    	34.2    	264   	34.0      	3.6       	5401      	-20.4
888       	500.7  	-17.4 	75    	34.1    	264   	33.9      	3.5       	5413      	-20.4
890       	500.0  	-17.4 	75    	34.1    	264   	33.9      	3.4       	5425      	-20.5
892       	499.2  	-17.5 	75    	34.2    	264   	34.0      	3.5       	5436      	-20.5
894       	498.5  	-17.6 	75    	34.3    	264   	34.1      	3.6       	5447      	-20.6
896       	497.7  	-17.7 	75    	34.4    	264   	34.2      	3.7       	5458      	-20.7
898       	497.0  	-17.7 	75    	34.5    	264   	34.3      	3.8       	5468      	-20.8
900       	496.3  	-17.8 	75    	34.6    	263   	34.4      	3.9       	5479      	-20.9
902       	495.6  	-17.9 	75    	34.7    	263   	34.5      	4.0       	5490      	-21.0
904       	494.9  	-18.0 	75    	34.8    	263   	34.6      	4.1       	5500      	-21.0
906       	494.2  	-18.1 	74    	34.9    	263   	34.6      	4.2       	5511      	-21.1
908       	493.5  	-18.1 	74    	35.0    	263   	34.7      	4.3       	5522      	-21.2
910       	492.8  	-18.2 	74    	35.1    	263   	34.8      	4.4       	5532      	-21.3
912       	492.1  	-18.3 	74    	35.1    	263   	34.8      	4.6       	5543      	-21.4
914       	491.4  	-18.4 	74    	35.1    	262   	34.8      	4.7       	5554      	-21.5
916       	490.7  	-18.5 	74    	35.1    	262   	34.8      	4.8       	5564      	-21.7
918       	490.0  	-18.6 	74    	35.1    	262   	34.8      	4.9       	5575      	-21.8
920       	489.3  	-18.6 	74    	35.2    	262   	34.8      	5.0       	5586      	-21.8
922       	488.6  	-18.7 	73    	35.2    	262   	34.8      	5.2       	5596      	-21.9
924       	487.9  	-18.7 	73    	35.2    	261   	34.8      	5.3       	5608      	-22.0
926       	487.1  	-18.8 	73    	35.2    	261   	34.8      	5.4       	5619      	-22.0
928       	486.4  	-18.9 	73    	35.2    	261   	34.8      	5.5       	5630      	-22.1
930       	485.7  	-18.9 	73    	35.2    	261   	34.7      	5.6       	5641      	-22.2
932       	484.9  	-19.0 	73    	35.1    	261   	34.7      	5.6       	5652      	-22.2
934       	484.2  	-19.1 	73    	35.0    	261   	34.6      	5.5       	5664      	-22.3
936       	483.5  	-19.1 	73    	34.9    	261   	34.5      	5.5       	5675      	-22.4
938       	482.7  	-19.2 	73    	34.8    	261   	34.4      	5.4       	5686      	-22.5
940       	482.0  	-19.2 	72    	34.7    	261   	34.3      	5.4       	5697      	-22.6
942       	481.3  	-19.3 	72    	34.6    	261   	34.2      	5.3       	5708      	-22.7
944       	480.6  	-19.3 	72    	34.5    	261   	34.1      	5.3       	5720      	-22.7
946       	479.8  	-19.4 	72    	34.3    	261   	33.9      	5.2       	5731      	-22.8
948       	479.1  	-19.5 	72    	34.2    	261   	33.8      	5.1       	5742      	-22.9
950       	478.4  	-19.6 	71    	34.1    	261   	33.7      	5.1       	5753      	-23.0
952       	477.6  	-19.7 	71    	34.2    	261   	33.8      	5.1       	5765      	-23.2
954       	476.9  	-19.7 	71    	34.4    	261   	34.0      	5.1       	5777      	-23.3
956       	476.1  	-19.8 	71    	34.5    	261   	34.1      	5.1       	5789      	-23.4
958       	475.3  	-19.9 	71    	34.6    	261   	34.2      	5.2       	5801      	-23.5
960       	474.6  	-20.0 	71    	34.7    	261   	34.3      	5.2       	5813      	-23.6
962       	473.8  	-20.1 	71    	34.8    	261   	34.4      	5.2       	5825      	-23.7
964       	473.0  	-20.2 	71    	34.9    	261   	34.5      	5.2       	5837      	-23.8
966       	472.2  	-20.3 	71    	35.0    	261   	34.6      	5.2       	5850      	-23.9
968       	471.5  	-20.4 	71    	35.1    	261   	34.7      	5.3       	5862      	-24.0
970       	470.7  	-20.5 	71    	35.2    	261   	34.8      	5.3       	5874      	-24.1
972       	469.9  	-20.6 	71    	35.2    	261   	34.8      	5.3       	5886      	-24.2
974       	469.1  	-20.7 	71    	35.2    	261   	34.8      	5.3       	5898      	-24.2
976       	468.4  	-20.8 	71    	35.1    	261   	34.7      	5.3       	5910      	-24.3
978       	467.6  	-20.9 	71    	35.1    	261   	34.7      	5.4       	5923      	-24.4
980       	466.8  	-21.0 	71    	35.1    	261   	34.7      	5.4       	5935      	-24.4
982       	466.1  	-21.1 	71    	35.0    	261   	34.6      	5.4       	5947      	-24.5
984       	465.3  	-21.2 	71    	35.0    	261   	34.6      	5.4       	5958      	-24.6
986       	464.6  	-21.3 	72    	35.0    	261   	34.6      	5.4       	5970      	-24.7
988       	463.9  	-21.4 	72    	35.0    	261   	34.6      	5.5       	5981      	-24.7
990       	463.2  	-21.4 	72    	34.9    	261   	34.5      	5.5       	5992      	-24.8
992       	462.5  	-21.5 	72    	34.9    	261   	34.5      	5.4       	6004      	-24.9
994       	461.8  	-21.6 	72    	34.9    	261   	34.5      	5.4       	6015      	-24.9
996       	461.1  	-21.7 	72    	34.9    	261   	34.5      	5.3       	6027      	-25.0
998       	460.3  	-21.8 	72    	34.9    	261   	34.5      	5.2       	6038      	-25.1
1000      	459.6  	-21.8 	72    	34.9    	261   	34.5      	5.2       	6049      	-25.2
1002      	458.9  	-21.9 	72    	34.9    	262   	34.5      	5.1       	6061      	-25.2
1004      	458.2  	-22.0 	72    	35.0    	262   	34.6      	5.1       	6072      	-25.3
1006      	457.5  	-22.0 	72    	35.0    	262   	34.6      	5.0       	6083      	-25.4
1008      	456.8  	-22.1 	72    	35.0    	262   	34.7      	4.9       	6095      	-25.5
1010      	456.1  	-22.1 	71    	35.0    	262   	34.7      	4.9       	6106      	-25.5
1012      	455.4  	-22.2 	71    	35.1    	262   	34.8      	4.8       	6118      	-25.6
1014      	454.7  	-22.3 	71    	35.2    	262   	34.9      	4.7       	6129      	-25.7
1016      	453.9  	-22.3 	71    	35.3    	263   	35.0      	4.6       	6141      	-25.8
1018      	453.2  	-22.4 	71    	35.4    	263   	35.1      	4.5       	6153      	-25.8
1020      	452.4  	-22.4 	71    	35.5    	263   	35.2      	4.4       	6165      	-25.9
1022      	451.7  	-22.5 	70    	35.7    	263   	35.4      	4.3       	6177      	-26.0
1024      	451.0  	-22.5 	70    	35.8    	263   	35.5      	4.2       	6189      	-26.1
1026      	450.2  	-22.6 	70    	35.9    	263   	35.7      	4.2       	6201      	-26.1
1028      	449.5  	-22.6 	70    	36.0    	264   	35.8      	4.1       	6213      	-26.2
1030      	448.8  	-22.7 	69    	36.1    	264   	35.9      	4.0       	6225      	-26.4
1032      	448.0  	-22.7 	69    	35.9    	264   	35.7      	3.9       	6237      	-26.5
1034      	447.3  	-22.8 	69    	35.7    	264   	35.5      	3.9       	6249      	-26.6
1036      	446.6  	-22.9 	68    	35.5    	264   	35.3      	3.9       	6261      	-26.7
1038      	445.8  	-22.9 	68    	35.2    	264   	35.0      	3.8       	6273      	-26.8
1040      	445.1  	-23.0 	68    	35.0    	264   	34.8      	3.8       	6285      	-26.9
1042      	444.4  	-23.1 	67    	34.8    	264   	34.6      	3.7       	6297      	-27.0
1044      	443.7  	-23.2 	67    	34.6    	264   	34.4      	3.7       	6309      	-27.2
1046      	442.9  	-23.3 	67    	34.3    	264   	34.1      	3.6       	6321      	-27.3
1048      	442.2  	-23.4 	67    	34.1    	264   	33.9      	3.6       	6333      	-27.4
1050      	441.4  	-23.5 	67    	33.9    	264   	33.7      	3.6       	6346      	-27.5
1052      	440.7  	-23.5 	66    	33.9    	264   	33.7      	3.6       	6358      	-27.6
1054      	440.0  	-23.6 	66    	33.9    	264   	33.7      	3.7       	6370      	-27.7
1056      	439.2  	-23.7 	66    	33.9    	264   	33.7      	3.7       	6382      	-27.8
1058      	438.5  	-23.8 	66    	33.9    	264   	33.7      	3.8       	6395      	-27.9
1060      	437.8  	-23.9 	66    	33.9    	264   	33.7      	3.8       	6407      	-28.0
1062      	437.0  	-24.0 	66    	33.9    	263   	33.7      	3.9       	6419      	-28.1
1064      	436.3  	-24.1 	66    	33.9    	263   	33.7      	3.9       	6431      	-28.2
1066      	435.6  	-24.2 	66    	33.9    	263   	33.7      	4.0       	6443      	-28.3
1068      	434.8  	-24.3 	66    	33.9    	263   	33.7      	4.0       	6456      	-28.4
1070      	434.1  	-24.4 	66    	33.9    	263   	33.7      	4.1       	6468      	-28.5
1072      	433.4  	-24.4 	66    	33.9    	263   	33.7      	4.1       	6480      	-28.6
1074      	432.7  	-24.5 	66    	34.0    	263   	33.8      	4.1       	6492      	-28.7
1076      	432.0  	-24.6 	66    	34.0    	263   	33.7      	4.1       	6504      	-28.8
1078      	431.3  	-24.7 	65    	34.0    	263   	33.7      	4.1       	6515      	-28.9
1080      	430.6  	-24.8 	65    	34.1    	263   	33.8      	4.2       	6527      	-29.0
1082      	429.9  	-24.9 	65    	34.1    	263   	33.8      	4.2       	6538      	-29.1
1084      	429.3  	-25.0 	65    	34.2    	263   	33.9      	4.2       	6550      	-29.2
1086      	428.6  	-25.1 	65    	34.2    	263   	33.9      	4.3       	6561      	-29.3
1088      	427.9  	-25.2 	65    	34.2    	263   	33.9      	4.3       	6573      	-29.4
1090      	427.2  	-25.3 	65    	34.3    	263   	34.0      	4.3       	6584      	-29.5
1092      	426.6  	-25.4 	65    	34.3    	263   	34.0      	4.4       	6596      	-29.7
1094      	425.9  	-25.5 	64    	34.4    	263   	34.1      	4.5       	6607      	-29.8
1096      	425.2  	-25.6 	64    	34.5    	262   	34.2      	4.5       	6618      	-29.9
1098      	424.5  	-25.6 	64    	34.5    	262   	34.2      	4.6       	6630      	-29.9
1100      	423.9  	-25.7 	64    	34.6    	262   	34.3      	4.7       	6641      	-30.0
1102      	423.2  	-25.8 	64    	34.7    	262   	34.4      	4.7       	6653      	-30.1
1104      	422.5  	-25.9 	64    	34.7    	262   	34.4      	4.8       	6664      	-30.2
1106      	421.9  	-26.0 	64    	34.8    	262   	34.5      	4.9       	6676      	-30.3
1108      	421.2  	-26.1 	64    	34.9    	262   	34.5      	4.9       	6688      	-30.4
1110      	420.5  	-26.2 	65    	34.9    	262   	34.5      	5.0       	6699      	-30.5
1112      	419.8  	-26.3 	65    	34.8    	262   	34.4      	5.0       	6711      	-30.5
1114      	419.1  	-26.4 	65    	34.7    	262   	34.3      	5.0       	6723      	-30.6
1116      	418.5  	-26.5 	65    	34.6    	262   	34.2      	4.9       	6734      	-30.6
1118      	417.8  	-26.6 	65    	34.5    	262   	34.2      	4.9       	6746      	-30.7
1120      	417.1  	-26.7 	66    	34.4    	262   	34.1      	4.9       	6758      	-30.8
1122      	416.4  	-26.8 	66    	34.3    	262   	34.0      	4.8       	6769      	-30.8
1124      	415.8  	-26.8 	66    	34.1    	262   	33.8      	4.8       	6781      	-30.9
1126      	415.1  	-26.9 	66    	34.0    	262   	33.7      	4.8       	6793      	-31.0
1128      	414.4  	-27.0 	66    	33.9    	262   	33.6      	4.7       	6805      	-31.1
1130      	413.7  	-27.1 	66    	33.8    	262   	33.5      	4.7       	6816      	-31.2
1132      	413.1  	-27.2 	66    	33.8    	262   	33.5      	4.7       	6828      	-31.3
1134      	412.4  	-27.3 	65    	33.7    	262   	33.4      	4.6       	6840      	-31.4
1136      	411.7  	-27.4 	65    	33.7    	262   	33.4      	4.6       	6851      	-31.5
1138      	411.0  	-27.5 	65    	33.7    	262   	33.4      	4.5       	6864      	-31.6
1140      	410.3  	-27.6 	65    	33.6    	262   	33.3      	4.5       	6876      	-31.7
1142      	409.6  	-27.7 	65    	33.6    	262   	33.3      	4.4       	6888      	-31.8
1144      	408.9  	-27.9 	65    	33.6    	262   	33.3      	4.4       	6901      	-31.9
1146      	408.2  	-28.0 	65    	33.5    	263   	33.2      	4.4       	6913      	-32.1
1148      	407.5  	-28.1 	65    	33.5    	263   	33.2      	4.3       	6925      	-32.2
1150      	406.8  	-28.2 	65    	33.5    	263   	33.2      	4.3       	6938      	-32.2
1152      	406.1  	-28.3 	66    	33.5    	263   	33.2      	4.2       	6950      	-32.3
1154      	405.4  	-28.4 	66    	33.6    	263   	33.3      	4.2       	6962      	-32.4
1156      	404.7  	-28.5 	66    	33.6    	263   	33.3      	4.2       	6975      	-32.5
1158      	404.0  	-28.6 	66    	33.7    	263   	33.4      	4.2       	6987      	-32.6
1160      	403.3  	-28.7 	66    	33.7    	263   	33.4      	4.2       	6999      	-32.7
1162      	402.6  	-28.8 	66    	33.8    	263   	33.5      	4.1       	7012      	-32.8
1164      	401.9  	-28.9 	66    	33.8    	263   	33.5      	4.1       	7024      	-32.9
1166      	401.3  	-29.0 	66    	33.9    	263   	33.7      	4.1       	7036      	-33.0
1168      	400.6  	-29.1 	66    	33.9    	263   	33.7      	4.1       	7048      	-33.1
1170      	400.0  	-29.2 	66    	34.0    	263   	33.8      	4.1       	7059      	-33.2
1172      	399.3  	-29.3 	66    	34.1    	263   	33.9      	4.1       	7071      	-33.3
1174      	398.7  	-29.5 	66    	34.2    	263   	34.0      	4.1       	7082      	-33.4
1176      	398.1  	-29.6 	66    	34.3    	263   	34.1      	4.1       	7093      	-33.5
1178      	397.4  	-29.6 	66    	34.4    	263   	34.2      	4.1       	7105      	-33.6
1180      	396.8  	-29.7 	66    	34.5    	263   	34.3      	4.1       	7116      	-33.6
1182      	396.2  	-29.8 	67    	34.6    	263   	34.4      	4.1       	7127      	-33.7
1184      	395.5  	-29.9 	67    	34.7    	263   	34.5      	4.1       	7139      	-33.8
1186      	394.9  	-30.0 	67    	34.9    	263   	34.7      	4.1       	7150      	-33.8
1188      	394.3  	-30.1 	67    	35.0    	263   	34.8      	4.1       	7162      	-33.9
1190      	393.6  	-30.2 	67    	35.1    	263   	34.9      	4.1       	7173      	-34.0
1192      	393.0  	-30.3 	67    	35.1    	263   	34.9      	4.1       	7184      	-34.1
1194      	392.4  	-30.4 	67    	35.1    	263   	34.9      	4.1       	7196      	-34.2
1196      	391.7  	-30.5 	67    	35.1    	263   	34.9      	4.1       	7207      	-34.3
1198      	391.1  	-30.6 	67    	35.2    	263   	35.0      	4.2       	7219      	-34.3
1200      	390.5  	-30.7 	67    	35.2    	263   	34.9      	4.2       	7230      	-34.4
1202      	389.9  	-30.8 	67    	35.2    	263   	34.9      	4.2       	7241      	-34.5
1204      	389.3  	-30.9 	67    	35.2    	263   	34.9      	4.2       	7253      	-34.6
1206      	388.6  	-31.0 	67    	35.3    	263   	35.0      	4.3       	7264      	-34.7
1208      	388.0  	-31.1 	67    	35.3    	263   	35.0      	4.3       	7275      	-34.8
1210      	387.4  	-31.2 	67    	35.3    	263   	35.0      	4.3       	7286      	-34.9
1212      	386.8  	-31.3 	67    	35.4    	263   	35.1      	4.3       	7297      	-35.0
1214      	386.2  	-31.3 	67    	35.5    	263   	35.3      	4.2       	7308      	-35.1
1216      	385.6  	-31.4 	67    	35.6    	263   	35.4      	4.1       	7319      	-35.2
1218      	385.0  	-31.5 	67    	35.7    	263   	35.5      	4.1       	7330      	-35.3
1220      	384.5  	-31.6 	67    	35.9    	264   	35.7      	4.0       	7341      	-35.3
1222      	383.9  	-31.7 	67    	36.0    	264   	35.8      	4.0       	7351      	-35.4
1224      	383.3  	-31.8 	67    	36.1    	264   	35.9      	3.9       	7362      	-35.5
1226      	382.7  	-31.8 	67    	36.2    	264   	36.0      	3.9       	7373      	-35.5
1228      	382.1  	-31.9 	67    	36.3    	264   	36.1      	3.8       	7384      	-35.6
1230      	381.5  	-32.0 	67    	36.4    	264   	36.2      	3.8       	7395      	-35.7
1232      	380.9  	-32.1 	67    	36.4    	264   	36.2      	3.7       	7406      	-35.7
1234      	380.3  	-32.1 	67    	36.4    	264   	36.2      	3.7       	7417      	-35.8
1236      	379.7  	-32.2 	67    	36.3    	264   	36.1      	3.7       	7428      	-35.9
1238      	379.2  	-32.3 	67    	36.3    	264   	36.1      	3.7       	7438      	-36.0
1240      	378.6  	-32.4 	67    	36.3    	264   	36.1      	3.7       	7449      	-36.0
1242      	378.0  	-32.5 	67    	36.3    	264   	36.1      	3.6       	7460      	-36.1
1244      	377.5  	-32.6 	67    	36.2    	264   	36.0      	3.6       	7470      	-36.3
1246      	376.9  	-32.6 	67    	36.2    	264   	36.0      	3.6       	7481      	-36.4
1248      	376.3  	-32.7 	67    	36.2    	264   	36.0      	3.6       	7491      	-36.5
1250      	375.8  	-32.8 	66    	36.2    	264   	36.0      	3.5       	7502      	-36.6
1252      	375.2  	-32.9 	66    	36.2    	264   	36.0      	3.5       	7513      	-36.8
1254      	374.6  	-33.0 	66    	36.2    	264   	36.0      	3.5       	7523      	-36.9
1256      	374.1  	-33.1 	66    	36.2    	264   	36.0      	3.5       	7534      	-36.9
1258      	373.5  	-33.2 	66    	36.2    	264   	36.0      	3.5       	7545      	-37.0
1260      	372.9  	-33.3 	66    	36.2    	264   	36.0      	3.5       	7555      	-37.1
1262      	372.4  	-33.4 	66    	36.3    	264   	36.1      	3.5       	7566      	-37.2
1264      	371.8  	-33.5 	66    	36.3    	264   	36.1      	3.5       	7576      	-37.2
1266      	371.3  	-33.6 	66    	36.3    	264   	36.1      	3.5       	7586      	-37.3
1268      	370.7  	-33.6 	66    	36.3    	265   	36.1      	3.5       	7597      	-37.4
1270      	370.2  	-33.7 	66    	36.3    	265   	36.1      	3.5       	7607      	-37.5
1272      	369.7  	-33.8 	66    	36.3    	264   	36.1      	3.5       	7617      	-37.6
1274      	369.1  	-33.9 	66    	36.3    	264   	36.1      	3.6       	7627      	-37.6
1276      	368.6  	-34.0 	66    	36.3    	264   	36.1      	3.6       	7637      	-37.7
1278      	368.1  	-34.0 	66    	36.4    	264   	36.2      	3.7       	7647      	-37.8
1280      	367.5  	-34.1 	66    	36.4    	264   	36.2      	3.7       	7657      	-37.9
1282      	367.0  	-34.2 	66    	36.4    	264   	36.2      	3.8       	7667      	-38.0
1284      	366.5  	-34.3 	66    	36.4    	264   	36.2      	3.9       	7678      	-38.1
1286      	365.9  	-34.4 	66    	36.4    	264   	36.2      	3.9       	7688      	-38.2
1288      	365.4  	-34.5 	66    	36.4    	264   	36.2      	4.0       	7698      	-38.3
1290      	364.9  	-34.6 	66    	36.4    	264   	36.2      	4.0       	7708      	-38.4
1292      	364.3  	-34.6 	66    	36.5    	264   	36.3      	4.0       	7718      	-38.5
1294      	363.8  	-34.7 	66    	36.7    	264   	36.5      	4.0       	7729      	-38.6
1296      	363.2  	-34.8 	65    	36.8    	264   	36.6      	4.0       	7740      	-38.7
1298      	362.6  	-34.9 	65    	36.9    	264   	36.7      	4.0       	7751      	-38.8
1300      	362.0  	-35.0 	65    	37.0    	264   	36.8      	4.1       	7763      	-38.9
1302      	361.4  	-35.1 	65    	37.1    	264   	36.9      	4.1       	7774      	-39.0
1304      	360.9  	-35.2 	65    	37.2    	264   	37.0      	4.1       	7785      	-39.1
1306      	360.3  	-35.3 	65    	37.4    	264   	37.2      	4.1       	7797      	-39.2
1308      	359.7  	-35.4 	65    	37.5    	264   	37.3      	4.1       	7808      	-39.3
1310      	359.1  	-35.5 	65    	37.6    	264   	37.4      	4.1       	7819      	-39.4
1312      	358.5  	-35.6 	64    	37.7    	264   	37.5      	4.0       	7831      	-39.6
1314      	357.9  	-35.7 	64    	37.8    	264   	37.6      	3.9       	7842      	-39.7
1316      	357.3  	-35.8 	64    	37.9    	264   	37.7      	3.8       	7853      	-39.9
1318      	356.8  	-35.9 	63    	38.0    	264   	37.8      	3.7       	7865      	-40.1
1320      	356.2  	-36.1 	63    	38.1    	265   	37.9      	3.6       	7876      	-40.2
1322      	355.6  	-36.2 	63    	38.2    	265   	38.0      	3.5       	7887      	-40.3
1324      	355.0  	-36.3 	63    	38.3    	265   	38.2      	3.3       	7899      	-40.5
1326      	354.4  	-36.4 	63    	38.4    	265   	38.3      	3.2       	7911      	-40.6
1328      	353.8  	-36.6 	63    	38.5    	265   	38.4      	3.1       	7923      	-40.7
1330      	353.1  	-36.7 	63    	38.6    	265   	38.5      	3.0       	7936      	-40.9
1332      	352.5  	-36.8 	62    	38.7    	266   	38.6      	3.0       	7948      	-41.0
1334      	351.9  	-36.9 	63    	38.7    	266   	38.6      	3.0       	7961      	-41.1
1336      	351.2  	-37.0 	63    	38.7    	266   	38.6      	2.9       	7973      	-41.1
1338      	350.6  	-37.1 	63    	38.7    	266   	38.6      	2.9       	7986      	-41.2
1340      	350.0  	-37.2 	64    	38.8    	266   	38.7      	2.9       	7998      	-41.2
1342      	349.3  	-37.3 	64    	38.8    	266   	38.7      	2.8       	8011      	-41.3
1344      	348.7  	-37.5 	65    	38.8    	266   	38.7      	2.8       	8023      	-41.3
1346      	348.1  	-37.6 	65    	38.9    	266   	38.8      	2.8       	8036      	-41.3
1348      	347.4  	-37.6 	66    	38.9    	266   	38.8      	2.7       	8048      	-41.4
1350      	346.8  	-37.7 	66    	38.9    	266   	38.8      	2.7       	8061      	-41.4
1352      	346.3  	-37.8 	66    	39.2    	266   	39.1      	2.8       	8072      	-41.5
1354      	345.7  	-37.9 	66    	39.4    	266   	39.3      	2.9       	8082      	-41.5
1356      	345.2  	-38.0 	67    	39.6    	266   	39.5      	3.0       	8093      	-41.6
1358      	344.6  	-38.1 	67    	39.9    	266   	39.8      	3.1       	8104      	-41.6
1360      	344.1  	-38.2 	67    	40.1    	265   	40.0      	3.2       	8115      	-41.7
1362      	343.6  	-38.2 	67    	40.4    	265   	40.3      	3.3       	8125      	-41.7
1364      	343.0  	-38.3 	67    	40.6    	265   	40.5      	3.4       	8136      	-41.8
1366      	342.5  	-38.4 	67    	40.9    	265   	40.7      	3.5       	8147      	-41.9
1368      	342.0  	-38.5 	68    	41.1    	265   	40.9      	3.6       	8158      	-42.0
1370      	341.4  	-38.6 	68    	41.4    	265   	41.2      	3.7       	8168      	-42.0
1372      	340.9  	-38.7 	68    	41.3    	265   	41.1      	3.8       	8179      	-42.1
1374      	340.4  	-38.8 	68    	41.2    	265   	41.0      	3.8       	8190      	-42.2
1376      	339.8  	-38.9 	68    	41.2    	265   	41.0      	3.8       	8201      	-42.3
1378      	339.3  	-38.9 	68    	41.1    	265   	40.9      	3.9       	8211      	-42.3
1380      	338.8  	-39.0 	68    	41.1    	265   	40.9      	3.9       	8222      	-42.4
1382      	338.2  	-39.1 	68    	41.0    	265   	40.8      	3.9       	8233      	-42.5
1384      	337.7  	-39.2 	68    	40.9    	264   	40.7      	3.9       	8243      	-42.5
1386      	337.2  	-39.3 	69    	40.9    	264   	40.7      	4.0       	8254      	-42.6
1388      	336.7  	-39.4 	69    	40.8    	264   	40.6      	4.0       	8265      	-42.7
1390      	336.1  	-39.5 	69    	40.7    	264   	40.5      	4.0       	8276      	-42.7
1392      	335.6  	-39.6 	69    	40.8    	264   	40.6      	4.1       	8286      	-42.8
1394      	335.1  	-39.7 	69    	40.9    	264   	40.7      	4.1       	8297      	-42.9
1396      	334.6  	-39.8 	69    	41.0    	264   	40.8      	4.1       	8307      	-43.0
1398      	334.1  	-39.9 	69    	41.1    	264   	40.9      	4.1       	8318      	-43.0
1400      	333.5  	-40.0 	70    	41.1    	264   	40.9      	4.1       	8328      	-43.1
1402      	333.0  	-40.0 	69    	41.2    	264   	41.0      	4.1       	8339      	-43.2
1404      	332.5  	-40.1 	69    	41.3    	264   	41.1      	4.1       	8350      	-43.3
1406      	332.0  	-40.2 	69    	41.4    	264   	41.2      	4.1       	8360      	-43.4
1408      	331.5  	-40.3 	69    	41.5    	264   	41.3      	4.1       	8371      	-43.5
1410      	331.0  	-40.4 	69    	41.6    	264   	41.4      	4.1       	8381      	-43.6
1412      	330.5  	-40.5 	69    	41.7    	264   	41.5      	4.1       	8392      	-43.7
1414      	329.9  	-40.6 	69    	41.8    	264   	41.6      	4.1       	8402      	-43.8
1416      	329.4  	-40.7 	69    	41.9    	264   	41.7      	4.1       	8413      	-43.9
1418      	328.9  	-40.8 	69    	42.0    	264   	41.8      	4.1       	8423      	-44.0
1420      	328.4  	-40.8 	68    	42.1    	264   	41.9      	4.1       	8434      	-44.1
1422      	327.9  	-40.9 	68    	42.2    	264   	42.0      	4.1       	8445      	-44.2
1424      	327.4  	-41.0 	68    	42.3    	264   	42.1      	4.1       	8455      	-44.3
1426      	326.9  	-41.1 	68    	42.4    	265   	42.2      	4.1       	8466      	-44.4
1428      	326.4  	-41.1 	68    	42.5    	265   	42.3      	4.0       	8476      	-44.5
1430      	325.9  	-41.2 	68    	42.6    	265   	42.4      	4.0       	8487      	-44.5
1432      	325.4  	-41.3 	68    	42.6    	265   	42.4      	4.0       	8497      	-44.6
1434      	324.9  	-41.4 	68    	42.7    	265   	42.5      	3.9       	8508      	-44.7
1436      	324.4  	-41.5 	68    	42.8    	265   	42.6      	3.8       	8518      	-44.7
1438      	323.9  	-41.5 	69    	42.9    	265   	42.7      	3.7       	8529      	-44.8
1440      	323.4  	-41.6 	69    	43.0    	265   	42.8      	3.7       	8539      	-44.8
1442      	322.9  	-41.7 	69    	43.1    	265   	43.0      	3.6       	8550      	-44.9
1444      	322.4  	-41.8 	69    	43.2    	265   	43.1      	3.5       	8560      	-45.0
1446      	321.9  	-41.9 	69    	43.3    	265   	43.2      	3.4       	8571      	-45.0
1448      	321.4  	-41.9 	69    	43.4    	266   	43.3      	3.4       	8581      	-45.1
1450      	320.9  	-42.0 	70    	43.5    	266   	43.4      	3.3       	8592      	-45.1
1452      	320.4  	-42.1 	70    	43.6    	266   	43.5      	3.2       	8602      	-45.2
1454      	319.9  	-42.2 	70    	43.7    	266   	43.6      	3.1       	8612      	-45.2
1456      	319.4  	-42.3 	70    	43.7    	266   	43.6      	3.0       	8623      	-45.3
1458      	318.9  	-42.4 	70    	43.8    	266   	43.7      	3.0       	8633      	-45.4
1460      	318.4  	-42.5 	70    	43.9    	266   	43.8      	2.9       	8644      	-45.5
1462      	317.9  	-42.5 	70    	44.0    	266   	43.9      	2.8       	8654      	-45.6
1464      	317.4  	-42.6 	69    	44.1    	266   	44.0      	2.7       	8665      	-45.7
1466      	316.9  	-42.7 	69    	44.2    	267   	44.1      	2.6       	8676      	-45.8
1468      	316.4  	-42.8 	69    	44.3    	267   	44.2      	2.5       	8687      	-45.9
1470      	315.9  	-42.9 	69    	44.4    	267   	44.3      	2.5       	8698      	-46.0
1472      	315.4  	-43.0 	69    	44.3    	267   	44.2      	2.3       	8709      	-46.1
1474      	314.8  	-43.0 	69    	44.2    	267   	44.1      	2.2       	8720      	-46.2
1476      	314.3  	-43.1 	69    	44.1    	267   	44.1      	2.0       	8731      	-46.3
1478      	313.8  	-43.2 	69    	44.1    	268   	44.1      	1.9       	8742      	-46.4
1480      	313.3  	-43.3 	69    	44.0    	268   	44.0      	1.8       	8753      	-46.5
1482      	312.8  	-43.4 	68    	43.9    	268   	43.9      	1.6       	8764      	-46.6
1484      	312.3  	-43.5 	68    	43.8    	268   	43.8      	1.5       	8775      	-46.7
1486      	311.7  	-43.5 	68    	43.8    	268   	43.8      	1.4       	8786      	-46.8
1488      	311.2  	-43.6 	67    	43.7    	268   	43.7      	1.2       	8798      	-47.0
1490      	310.7  	-43.7 	67    	43.6    	269   	43.6      	1.1       	8809      	-47.1
1492      	310.2  	-43.8 	67    	43.5    	268   	43.5      	1.2       	8820      	-47.2
1494      	309.7  	-43.8 	66    	43.5    	268   	43.5      	1.3       	8831      	-47.3
1496      	309.2  	-43.9 	66    	43.4    	268   	43.4      	1.5       	8842      	-47.4
1498      	308.7  	-43.9 	65    	43.3    	268   	43.3      	1.6       	8852      	-47.6
1500      	308.3  	-44.0 	64    	43.2    	268   	43.2      	1.7       	8862      	-47.7
1502      	307.8  	-44.0 	64    	43.2    	268   	43.2      	1.8       	8872      	-47.9
1504      	307.3  	-44.1 	63    	43.1    	267   	43.1      	1.9       	8882      	-48.0
1506      	306.9  	-44.2 	62    	43.0    	267   	43.0      	2.1       	8892      	-48.1
1508      	306.4  	-44.2 	61    	42.9    	267   	42.8      	2.2       	8902      	-48.3
1510      	306.0  	-44.3 	61    	42.9    	267   	42.8      	2.3       	8912      	-48.4
1512      	305.5  	-44.3 	61    	42.8    	267   	42.7      	2.5       	8922      	-48.5
1514      	305.0  	-44.3 	60    	42.8    	266   	42.7      	2.7       	8932      	-48.5
1516      	304.6  	-44.4 	60    	42.7    	266   	42.6      	2.8       	8942      	-48.6
1518      	304.1  	-44.4 	60    	42.7    	266   	42.6      	3.0       	8952      	-48.7
1520      	303.7  	-44.5 	59    	42.7    	266   	42.6      	3.2       	8962      	-48.8
1522      	303.2  	-44.5 	59    	42.6    	265   	42.5      	3.4       	8972      	-48.9
1524      	302.8  	-44.6 	59    	42.6    	265   	42.5      	3.6       	8982      	-49.0
1526      	302.3  	-44.7 	59    	42.5    	265   	42.3      	3.7       	8992      	-49.1
1528      	301.9  	-44.7 	58    	42.5    	265   	42.3      	3.9       	9003      	-49.2
1530      	301.4  	-44.8 	58    	42.5    	264   	42.3      	4.1       	9012      	-49.3
1532      	301.0  	-44.9 	58    	42.4    	264   	42.2      	4.2       	9022      	-49.4
1534      	300.5  	-44.9 	58    	42.3    	264   	42.1      	4.2       	9032      	-49.5
1536      	300.1  	-45.0 	58    	42.2    	264   	42.0      	4.3       	9042      	-49.6
1538      	299.6  	-45.1 	57    	42.1    	264   	41.9      	4.4       	9052      	-49.7
1540      	299.2  	-45.2 	57    	42.0    	264   	41.8      	4.5       	9062      	-49.8
1542      	298.7  	-45.3 	57    	41.9    	264   	41.7      	4.6       	9072      	-49.9
1544      	298.3  	-45.4 	57    	41.8    	264   	41.5      	4.6       	9082      	-50.0
1546      	297.9  	-45.4 	56    	41.7    	264   	41.4      	4.7       	9091      	-50.2
1548      	297.4  	-45.5 	56    	41.6    	263   	41.3      	4.8       	9101      	-50.3
1550      	297.0  	-45.6 	56    	41.5    	263   	41.2      	4.9       	9111      	-50.4
1552      	296.5  	-45.7 	56    	41.4    	263   	41.1      	4.9       	9121      	-50.5
1554      	296.1  	-45.8 	56    	41.4    	263   	41.1      	5.0       	9131      	-50.6
1556      	295.7  	-45.8 	56    	41.3    	263   	41.0      	5.1       	9141      	-50.7
1558      	295.2  	-45.9 	56    	41.3    	263   	41.0      	5.1       	9151      	-50.8
1560      	294.8  	-46.0 	55    	41.2    	263   	40.9      	5.2       	9161      	-50.8
1562      	294.4  	-46.1 	55    	41.2    	263   	40.9      	5.3       	9170      	-50.9
1564      	293.9  	-46.1 	55    	41.1    	263   	40.8      	5.3       	9180      	-51.0
1566      	293.5  	-46.2 	55    	41.1    	262   	40.7      	5.4       	9190      	-51.2
1568      	293.0  	-46.3 	54    	41.0    	262   	40.6      	5.5       	9200      	-51.3
1570      	292.6  	-46.3 	54    	41.0    	262   	40.6      	5.6       	9210      	-51.4
1572      	292.1  	-46.4 	54    	41.0    	262   	40.6      	5.6       	9220      	-51.5
1574      	291.7  	-46.5 	53    	41.1    	262   	40.7      	5.7       	9230      	-51.6
1576      	291.3  	-46.5 	53    	41.1    	262   	40.7      	5.8       	9241      	-51.7
1578      	290.8  	-46.6 	53    	41.2    	262   	40.8      	5.8       	9251      	-51.8
1580      	290.4  	-46.7 	52    	41.2    	262   	40.8      	5.9       	9261      	-51.9
1582      	289.9  	-46.7 	52    	41.2    	262   	40.8      	5.9       	9271      	-52.0
1584      	289.5  	-46.8 	52    	41.3    	262   	40.9      	6.0       	9281      	-52.1
1586      	289.1  	-46.8 	51    	41.3    	262   	40.9      	6.1       	9291      	-52.2
1588      	288.6  	-46.9 	51    	41.4    	261   	40.9      	6.1       	9301      	-52.4
1590      	288.2  	-47.0 	51    	41.4    	261   	40.9      	6.2       	9311      	-52.4
1592      	287.8  	-47.0 	51    	41.4    	261   	40.9      	6.3       	9321      	-52.5
1594      	287.3  	-47.1 	51    	41.3    	261   	40.8      	6.4       	9331      	-52.6
1596      	286.9  	-47.1 	51    	41.3    	261   	40.8      	6.4       	9341      	-52.6
1598      	286.5  	-47.2 	51    	41.3    	261   	40.8      	6.5       	9351      	-52.7
1600      	286.0  	-47.2 	50    	41.2    	261   	40.7      	6.6       	9361      	-52.8
1602      	285.6  	-47.3 	50    	41.2    	261   	40.7      	6.7       	9371      	-52.8
1604      	285.2  	-47.3 	50    	41.1    	261   	40.5      	6.8       	9380      	-52.9
1606      	284.7  	-47.4 	50    	41.1    	260   	40.5      	6.8       	9390      	-53.0
1608      	284.3  	-47.5 	50    	41.1    	260   	40.5      	6.9       	9400      	-53.0
1610      	283.9  	-47.5 	50    	41.0    	260   	40.4      	7.0       	9410      	-53.1
1612      	283.5  	-47.6 	50    	41.2    	260   	40.6      	7.0       	9420      	-53.2
1614      	283.0  	-47.7 	50    	41.4    	260   	40.8      	7.0       	9430      	-53.3
1616      	282.6  	-47.7 	50    	41.5    	260   	40.9      	7.0       	9440      	-53.3
1618      	282.2  	-47.8 	50    	41.7    	260   	41.1      	6.9       	9450      	-53.4
1620      	281.8  	-47.9 	50    	41.8    	260   	41.2      	6.9       	9460      	-53.5
1622      	281.4  	-47.9 	50    	42.0    	261   	41.4      	6.9       	9470      	-53.5
1624      	280.9  	-48.0 	50    	42.2    	261   	41.6      	6.9       	9480      	-53.6
1626      	280.5  	-48.1 	50    	42.3    	261   	41.7      	6.9       	9489      	-53.7
1628      	280.1  	-48.1 	50    	42.5    	261   	41.9      	6.9       	9499      	-53.7
1630      	279.7  	-48.2 	50    	42.6    	261   	42.0      	6.8       	9509      	-53.8
1632      	279.3  	-48.3 	50    	42.6    	261   	42.1      	6.8       	9519      	-53.9
1634      	278.8  	-48.3 	50    	42.7    	261   	42.2      	6.7       	9529      	-54.0
1636      	278.4  	-48.4 	50    	42.7    	261   	42.2      	6.6       	9538      	-54.0
1638      	278.0  	-48.5 	49    	42.7    	261   	42.2      	6.5       	9548      	-54.1
1640      	277.6  	-48.6 	49    	42.7    	261   	42.2      	6.4       	9558      	-54.2
1642      	277.2  	-48.6 	49    	42.7    	262   	42.2      	6.3       	9568      	-54.3
1644      	276.8  	-48.7 	49    	42.7    	262   	42.2      	6.2       	9578      	-54.4
1646      	276.4  	-48.8 	49    	42.7    	262   	42.3      	6.1       	9587      	-54.4
1648      	275.9  	-48.9 	49    	42.7    	262   	42.3      	6.0       	9597      	-54.5
1650      	275.5  	-49.0 	49    	42.7    	262   	42.3      	5.9       	9607      	-54.6
1652      	275.1  	-49.1 	49    	42.8    	262   	42.4      	5.8       	9617      	-54.7
1654      	274.7  	-49.1 	50    	42.9    	262   	42.5      	5.7       	9627      	-54.7
1656      	274.3  	-49.2 	50    	43.0    	262   	42.6      	5.7       	9638      	-54.8
1658      	273.8  	-49.3 	49    	43.0    	263   	42.6      	5.6       	9648      	-54.9
1660      	273.4  	-49.4 	49    	43.1    	263   	42.8      	5.5       	9659      	-55.1
1662      	272.9  	-49.5 	49    	43.2    	263   	42.9      	5.4       	9670      	-55.2
1664      	272.5  	-49.6 	49    	43.2    	263   	42.9      	5.3       	9680      	-55.3
1666      	272.0  	-49.7 	48    	43.3    	263   	43.0      	5.2       	9691      	-55.4
1668      	271.6  	-49.8 	48    	43.4    	263   	43.1      	5.1       	9701      	-55.6
